========== ========== ==========
Daily Twilight Mission Information
========== ========== ==========
    - Data recording start date: 2/22/2026 (Feb, 22nd, 2026)


==========
Pools
==========
    Pool 1 (L2 / LT):
        - Mountain of the Dark Lord
        - The Blood Tainted Samurai
        - The Cradle of the Demon
        - The Violet Cherry Blossoms
        - Traces of the Raging Blaze
        - Wings of the Phoenix

    Pool 2 (R2 / RT):
        - Blood on the Wind
        - Darkness Brewing
        - The Bewitching Tower
        - The Cursed Castle Ruins
        - The Defiled Sanctuary
        - The Island of Monsters
        - The Mystery of Rashomon


==========
Week 1
==========
Sunday:
    - The Violet Cherry Blossoms
    - The Island of Monsters

Monday:
    - The Cradle of the Demon
    - The Cursed Castle Ruins    

Tuesday:
    - Wings of the Phoenix
    - Darkness Brewing

Wednesday:
    - Mountain of the Dark Lord
    - Blood on the Wind

Thursday:
    - Traces of the Raging Blaze
    - The Bewitching Tower

Friday:
    - The Blood Tainted Samurai
    - The Defiled Sanctuary

Saturday:
    - 
    - 

==========
Week 2
==========
Sunday:
    - 
    - 

Monday:
    - 
    - 

Tuesday:
    - 
    - 

Wednesday:
    - 
    - 

Thursday:
    - 
    - 

Friday:
    - 
    - 

Saturday:
    - 
    - 

==========
Week 3
==========
Sunday:
    - 
    - 

Monday:
    - 
    - 

Tuesday:
    - 
    - 

Wednesday:
    - 
    - 

Thursday:
    - 
    - 

Friday:
    - 
    - 

Saturday:
    - 
    - 

==========
Week 4
==========
Sunday:
    - 
    - 

Monday:
    - 
    - 

Tuesday:
    - 
    - 

Wednesday:
    - 
    - 

Thursday:
    - 
    - 

Friday:
    - 
    - 

Saturday:
    - 
    - 

==========
Week 5
==========
Sunday:
    - 
    - 

Monday:
    - 
    - 

Tuesday:
    - 
    - 

Wednesday:
    - 
    - 

Thursday:
    - 
    - 

Friday:
    - 
    - 

Saturday:
    - 
    - 

==========
Week 6
==========
Sunday:
    - 
    - 

Monday:
    - 
    - 

Tuesday:
    - 
    - 

Wednesday:
    - 
    - 

Thursday:
    - 
    - 

Friday:
    - 
    - 

Saturday:
    - 
    - 

==========
Week 7
==========
Sunday:
    - 
    - 

Monday:
    - 
    - 

Tuesday:
    - 
    - 

Wednesday:
    - 
    - 

Thursday:
    - 
    - 

Friday:
    - 
    - 

Saturday:
    - 
    - 

==========
Week 8
==========
Sunday:
    - 
    - 

Monday:
    - 
    - 

Tuesday:
    - 
    - 

Wednesday:
    - 
    - 

Thursday:
    - 
    - 

Friday:
    - 
    - 

Saturday:
    - 
    - 
